{"train/loss": 0.1045, "train/grad_norm": 3.0699527263641357, "train/learning_rate": 1.263823064770932e-06, "train/epoch": 3.0, "train/global_step": 5064, "_timestamp": 1712127510.066528, "_runtime": 1015.3831660747528, "_step": 107, "eval/loss": 0.26373544335365295, "eval/accuracy": 0.91925, "eval/f1": 0.9195399531066526, "eval/precision": 0.9207890190201898, "eval/recall": 0.9196016095205759, "eval/runtime": 1.5936, "eval/samples_per_second": 7530.029, "eval/steps_per_second": 117.97, "train_runtime": 101.1418, "train_samples_per_second": 3203.423, "train_steps_per_second": 50.068, "total_flos": 205947297792000.0, "train_loss": 0.1274534777442426}